{"cameraMode":{"drawMode":0,"name":"Shaded","section":"Shading Mode"},"sceneLighting":false,"audioPlay":false,"sceneViewState":{"showFog":true,"showMaterialUpdate":false,"showSkybox":true,"showFlares":true,"showImageEffects":true,"showParticleSystems":true},"in2DMode":false,"pivot":{"x":3.935201644897461,"y":-1.7397658824920655,"z":-8.64645767211914},"rotation":{"x":0.11262229084968567,"y":-0.5283125638961792,"z":0.07095404714345932,"w":0.838550865650177},"size":17.416170120239259,"orthographic":false}