{"cameraMode":{"drawMode":0,"name":"Shaded","section":"Shading Mode"},"sceneLighting":false,"audioPlay":false,"sceneViewState":{"showFog":true,"showMaterialUpdate":false,"showSkybox":true,"showFlares":true,"showImageEffects":true,"showParticleSystems":true},"in2DMode":false,"pivot":{"x":12.003396987915039,"y":-3.935844659805298,"z":-38.827274322509769},"rotation":{"x":0.015525166876614094,"y":-0.9841652512550354,"z":0.13668933510780335,"w":0.11177525669336319},"size":20.64105224609375,"orthographic":false}