{"cameraMode":{"drawMode":0,"name":"Shaded","section":"Shading Mode"},"sceneLighting":false,"audioPlay":false,"sceneViewState":{"showFog":true,"showMaterialUpdate":false,"showSkybox":true,"showFlares":true,"showImageEffects":true,"showParticleSystems":true},"in2DMode":false,"pivot":{"x":8.01870059967041,"y":-2.404453992843628,"z":-19.97425079345703},"rotation":{"x":0.08427264541387558,"y":-0.34637701511383059,"z":0.03125913441181183,"w":0.9337794184684753},"size":20.64105224609375,"orthographic":false}