{"cameraMode":{"drawMode":0,"name":"Shaded","section":"Shading Mode"},"sceneLighting":false,"audioPlay":false,"sceneViewState":{"showFog":true,"showMaterialUpdate":false,"showSkybox":true,"showFlares":true,"showImageEffects":true,"showParticleSystems":true},"in2DMode":false,"pivot":{"x":15.779816627502442,"y":1.8070354461669922,"z":-26.670717239379884},"rotation":{"x":0.18278199434280396,"y":-0.14949066936969758,"z":0.028130166232585908,"w":0.9713146090507507},"size":20.64105224609375,"orthographic":false}