{"cameraMode":{"drawMode":0,"name":"Shaded","section":"Shading Mode"},"sceneLighting":false,"audioPlay":false,"sceneViewState":{"showFog":true,"showMaterialUpdate":false,"showSkybox":true,"showFlares":true,"showImageEffects":true,"showParticleSystems":true},"in2DMode":false,"pivot":{"x":1.5199999809265137,"y":3.3299999237060549,"z":-9.489999771118164},"rotation":{"x":0.17997869849205018,"y":-0.42433685064315798,"z":0.08646675199270249,"w":0.8832154273986816},"size":22.0,"orthographic":false}