{"cameraMode":{"drawMode":0,"name":"Shaded","section":"Shading Mode"},"sceneLighting":false,"audioPlay":false,"sceneViewState":{"showFog":true,"showMaterialUpdate":false,"showSkybox":true,"showFlares":true,"showImageEffects":true,"showParticleSystems":true},"in2DMode":false,"pivot":{"x":2.5597991943359377,"y":-3.441934108734131,"z":-3.123281478881836},"rotation":{"x":-0.050928059965372089,"y":-0.9490060806274414,"z":0.2142173945903778,"w":-0.22562099993228913},"size":17.416170120239259,"orthographic":false}