{"cameraMode":{"drawMode":0,"name":"Shaded","section":"Shading Mode"},"sceneLighting":false,"audioPlay":false,"sceneViewState":{"showFog":true,"showMaterialUpdate":false,"showSkybox":true,"showFlares":true,"showImageEffects":true,"showParticleSystems":true},"in2DMode":false,"pivot":{"x":3.5323314666748049,"y":-1.9178681373596192,"z":-21.980770111083986},"rotation":{"x":0.06536559015512467,"y":-0.6958667635917664,"z":0.06385387480258942,"w":0.7123338580131531},"size":20.64105224609375,"orthographic":false}