{"cameraMode":{"drawMode":0,"name":"Shaded","section":"Shading Mode"},"sceneLighting":true,"audioPlay":false,"sceneViewState":{"showFog":true,"showMaterialUpdate":false,"showSkybox":true,"showFlares":true,"showImageEffects":true,"showParticleSystems":true},"in2DMode":false,"pivot":{"x":306.8702392578125,"y":-101.32617950439453,"z":155.07485961914063},"rotation":{"x":-0.21993392705917359,"y":0.48227712512016299,"z":-0.12649966776371003,"w":-0.8384722471237183},"size":23.786354064941408,"orthographic":false}