{"cameraMode":{"drawMode":0,"name":"Shaded","section":"Shading Mode"},"sceneLighting":true,"audioPlay":false,"sceneViewState":{"showFog":true,"showMaterialUpdate":false,"showSkybox":true,"showFlares":true,"showImageEffects":true,"showParticleSystems":true},"in2DMode":false,"pivot":{"x":-56.884986877441409,"y":65.57920837402344,"z":141.40652465820313},"rotation":{"x":-0.01790454052388668,"y":-0.747744619846344,"z":-0.020183943212032319,"w":0.6634380221366882},"size":22.0,"orthographic":false}