{"cameraMode":{"drawMode":0,"name":"Shaded","section":"Shading Mode"},"sceneLighting":true,"audioPlay":false,"sceneViewState":{"showFog":true,"showMaterialUpdate":false,"showSkybox":true,"showFlares":true,"showImageEffects":true,"showParticleSystems":true},"in2DMode":false,"pivot":{"x":70.54806518554688,"y":-11.22557258605957,"z":84.67889404296875},"rotation":{"x":0.09522243589162827,"y":0.46594613790512087,"z":-0.05052202194929123,"w":0.8782224059104919},"size":129.97491455078126,"orthographic":false}