{"cameraMode":{"drawMode":0,"name":"Shaded","section":"Shading Mode"},"sceneLighting":false,"audioPlay":false,"sceneViewState":{"showFog":true,"showMaterialUpdate":false,"showSkybox":true,"showFlares":true,"showImageEffects":true,"showParticleSystems":true},"in2DMode":false,"pivot":{"x":-0.7175381183624268,"y":0.6473520994186401,"z":-14.159353256225586},"rotation":{"x":0.2101970762014389,"y":-0.5481128096580505,"z":0.14463922381401063,"w":0.7965357303619385},"size":3.500178813934326,"orthographic":false}