{"cameraMode":{"drawMode":0,"name":"Shaded","section":"Shading Mode"},"sceneLighting":true,"audioPlay":false,"sceneViewState":{"showFog":true,"showMaterialUpdate":false,"showSkybox":true,"showFlares":true,"showImageEffects":true,"showParticleSystems":true},"in2DMode":false,"pivot":{"x":-12.949257850646973,"y":14.614606857299805,"z":-25.611257553100587},"rotation":{"x":0.309445858001709,"y":0.2228388488292694,"z":-0.07484008371829987,"w":0.9214038848876953},"size":22.0,"orthographic":false}