{"cameraMode":{"drawMode":0,"name":"Shaded","section":"Shading Mode"},"sceneLighting":false,"audioPlay":false,"sceneViewState":{"showFog":true,"showMaterialUpdate":false,"showSkybox":true,"showFlares":true,"showImageEffects":true,"showParticleSystems":true},"in2DMode":false,"pivot":{"x":12.891242980957032,"y":-1.5657954216003419,"z":-34.63674545288086},"rotation":{"x":0.015834640711545945,"y":-0.9841009378433228,"z":0.13066697120666505,"w":0.1192508265376091},"size":20.64105224609375,"orthographic":false}