{"cameraMode":{"drawMode":0,"name":"Shaded","section":"Shading Mode"},"sceneLighting":true,"audioPlay":false,"sceneViewState":{"showFog":true,"showMaterialUpdate":false,"showSkybox":true,"showFlares":true,"showImageEffects":true,"showParticleSystems":true},"in2DMode":false,"pivot":{"x":31.810758590698243,"y":24.87343978881836,"z":-89.42230224609375},"rotation":{"x":0.18278199434280396,"y":-0.14949066936969758,"z":0.028130166232585908,"w":0.9713146090507507},"size":22.0,"orthographic":false}