{"cameraMode":{"drawMode":0,"name":"Shaded","section":"Shading Mode"},"sceneLighting":true,"audioPlay":false,"sceneViewState":{"showFog":true,"showMaterialUpdate":false,"showSkybox":true,"showFlares":true,"showImageEffects":true,"showParticleSystems":true},"in2DMode":false,"pivot":{"x":-31.614009857177736,"y":8.245569229125977,"z":228.442626953125},"rotation":{"x":0.11110760271549225,"y":0.5955921411514282,"z":-0.0836472287774086,"w":0.7911562919616699},"size":29.265697479248048,"orthographic":false}