{"cameraMode":{"drawMode":0,"name":"Shaded","section":"Shading Mode"},"sceneLighting":false,"audioPlay":false,"sceneViewState":{"showFog":true,"showMaterialUpdate":false,"showSkybox":true,"showFlares":true,"showImageEffects":true,"showParticleSystems":true},"in2DMode":false,"pivot":{"x":17.59844970703125,"y":-1.2845728397369385,"z":-32.74983215332031},"rotation":{"x":0.005277622491121292,"y":-0.9918432235717773,"z":0.11960199475288391,"w":0.043756499886512759},"size":17.416170120239259,"orthographic":false}