{"cameraMode":{"drawMode":0,"name":"Shaded","section":"Shading Mode"},"sceneLighting":false,"audioPlay":false,"sceneViewState":{"showFog":true,"showMaterialUpdate":false,"showSkybox":true,"showFlares":true,"showImageEffects":true,"showParticleSystems":true},"in2DMode":false,"pivot":{"x":-4.543910026550293,"y":-2.4658377170562746,"z":-4.622241973876953},"rotation":{"x":0.06655311584472656,"y":-0.911357045173645,"z":0.16302262246608735,"w":0.37205183506011965},"size":17.416170120239259,"orthographic":false}