{"cameraMode":{"drawMode":0,"name":"Shaded","section":"Shading Mode"},"sceneLighting":false,"audioPlay":false,"sceneViewState":{"showFog":true,"showMaterialUpdate":false,"showSkybox":true,"showFlares":true,"showImageEffects":true,"showParticleSystems":true},"in2DMode":false,"pivot":{"x":2.1792492866516115,"y":1.7394113540649415,"z":-30.909610748291017},"rotation":{"x":0.027568504214286805,"y":0.9701531529426575,"z":-0.13326214253902436,"w":0.2007090151309967},"size":22.0,"orthographic":false}