{"cameraMode":{"drawMode":0,"name":"Shaded","section":"Shading Mode"},"sceneLighting":false,"audioPlay":false,"sceneViewState":{"showFog":true,"showMaterialUpdate":false,"showSkybox":true,"showFlares":true,"showImageEffects":true,"showParticleSystems":true},"in2DMode":false,"pivot":{"x":3.561157464981079,"y":-0.5429918766021729,"z":-25.599660873413087},"rotation":{"x":0.07856003195047379,"y":-0.6698846220970154,"z":0.07161707431077957,"w":0.7348155379295349},"size":20.64105224609375,"orthographic":false}