{"cameraMode":{"drawMode":0,"name":"Shaded","section":"Shading Mode"},"sceneLighting":true,"audioPlay":false,"sceneViewState":{"showFog":true,"showMaterialUpdate":false,"showSkybox":true,"showFlares":true,"showImageEffects":true,"showParticleSystems":true},"in2DMode":false,"pivot":{"x":-0.7184412479400635,"y":1.8555259704589844,"z":-11.477371215820313},"rotation":{"x":0.3297353684902191,"y":-0.12245170772075653,"z":0.0431772917509079,"w":0.935102105140686},"size":22.0,"orthographic":false}