{"cameraMode":{"drawMode":0,"name":"Shaded","section":"Shading Mode"},"sceneLighting":true,"audioPlay":false,"sceneViewState":{"showFog":true,"showMaterialUpdate":false,"showSkybox":true,"showFlares":true,"showImageEffects":true,"showParticleSystems":true},"in2DMode":false,"pivot":{"x":61.30095672607422,"y":37.379337310791019,"z":131.8968505859375},"rotation":{"x":-0.09904647618532181,"y":-0.1913142204284668,"z":-0.019410932436585428,"w":0.9763312935829163},"size":10.0,"orthographic":false}