{"cameraMode":{"drawMode":0,"name":"Shaded","section":"Shading Mode"},"sceneLighting":true,"audioPlay":false,"sceneViewState":{"showFog":true,"showMaterialUpdate":false,"showSkybox":true,"showFlares":true,"showImageEffects":true,"showParticleSystems":true},"in2DMode":false,"pivot":{"x":1.343435525894165,"y":-4.497061252593994,"z":7.532558441162109},"rotation":{"x":-0.19311189651489259,"y":0.09754498302936554,"z":-0.019301559776067735,"w":-0.9761431217193604},"size":10.0,"orthographic":false}