{"cameraMode":{"drawMode":0,"name":"Shaded","section":"Shading Mode"},"sceneLighting":true,"audioPlay":false,"sceneViewState":{"showFog":true,"showMaterialUpdate":false,"showSkybox":true,"showFlares":true,"showImageEffects":true,"showParticleSystems":true},"in2DMode":false,"pivot":{"x":119.70796966552735,"y":35.55807113647461,"z":-140.62078857421876},"rotation":{"x":-0.22426655888557435,"y":0.557939350605011,"z":-0.1598367989063263,"w":-0.7828633785247803},"size":107.91593933105469,"orthographic":false}